0,Hey Denis! I'm impressed by your journey from launching e-com businesses to coaching over 70 entrepreneurs. Your expertise in B2B SaaS startups is truly remarkable!
0,Hey Thomas! Impressive background with a first-class honours in BSc International Management and French from the University of Bath.
0,Hey Emma! Impressed by your experience as an Account Development Executive at Virgin Media O2!
0,"Hey Elodie! Impressed by your experience working with iconic brands like Paddington BearTM, Jurassic World, Minions, Trolls, and Gabby's Dollhouse."
0,"Hey Nick! Impressive track record with multiple wins, including being part of a management team that achieved significant growth and recognition."
0,Hey Nuala! Impressive work as an Inside Sales Manager at SciLeads.
0,Hey Alex! Congrats on the success of your book $100M Leads!
0,Hey Eric! I'm impressed by your expertise in Surface Plasmon Resonance and your extensive experience in sales and marketing.
0,"Hey Tymoteusz! Impressive software engineering experience with Next.js, TypeScript, and Prisma ORM!"
0,"Hey Kevin! Impressive career journey as the Co-founder Director - International of AI Forge, incubating start-ups and corporates to create growth with AI solutions."
0,"Hey Ronald! Co-Founder at Altitude, impressive!"
